{"checkpoints":[{"number":0,"position":{"X":-890.19,"Y":-3197.07471,"Z":13.9444275,"_padding":0},"quarternion":{"W":0.86633414,"X":0,"Y":0,"Z":0.49946484}},{"number":1,"position":{"X":-1600.87439,"Y":-2787.06055,"Z":13.5524111,"_padding":0},"quarternion":{"W":0.866753161,"X":0.00221177982,"Y":0.002501366,"Z":0.498726249}}],"lapMode":false,"name":"Airport Runway Drag","numCheckpoints":2}