{"checkpoints":[{"number":0,"position":{"X":-860.0066,"Y":-3218.00049,"Z":13.5646534,"_padding":0},"quarternion":{"W":0.8660254,"X":0,"Y":0,"Z":0.49999997}},{"number":1,"position":{"X":-1208.14038,"Y":-3016.99976,"Z":13.5646648,"_padding":0},"quarternion":{"W":0.8660254,"X":-0.00028625768,"Y":-0.0001564733,"Z":0.49999994}},{"number":2,"position":{"X":-1556.29883,"Y":-2815.9978,"Z":13.6137686,"_padding":0},"quarternion":{"W":0.8660248,"X":-0.00138531253,"Y":0.00158145092,"Z":0.49999693}}],"description":null,"lapMode":false,"name":"Half Mile","numCheckpoints":3,"version":"v3.0"}