{"checkpoints":[{"number":0,"position":{"X":-859.9996,"Y":-3218.00049,"Z":13.5616236,"_padding":0},"quarternion":{"W":0.8660254,"X":0,"Y":0,"Z":0.49999997}},{"number":1,"position":{"X":-1208.14038,"Y":-3017,"Z":13.5616283,"_padding":0},"quarternion":{"W":0.866012931,"X":-0.000164673707,"Y":-0.000116469339,"Z":0.500021636}}],"description":null,"lapMode":false,"name":"Quarter Mile","numCheckpoints":2,"version":"v3.0"}