{"checkpoints":[{"number":0,"position":{"X":4219.033,"Y":8018.97266,"Z":93.37317,"_padding":0},"quarternion":{"W":0.8622564,"X":0.0265171584,"Y":-0.04023204,"Z":0.5041745}},{"number":1,"position":{"X":5700.9043,"Y":7316.404,"Z":139.775284,"_padding":0},"quarternion":{"W":-0.378324568,"X":0.0520823449,"Y":0.0475757532,"Z":0.922981441}},{"number":2,"position":{"X":4854.354,"Y":6313.631,"Z":43.2861176,"_padding":0},"quarternion":{"W":0.756346,"X":0.0285179969,"Y":-0.050968878,"Z":0.6515593}}],"description":null,"lapMode":true,"name":"Spa Francorchamps v3","numCheckpoints":3,"version":"v3.0"}