{"checkpoints":[{"number":0,"position":{"X":4218.383,"Y":8749.894,"Z":93.2938,"_padding":0},"quarternion":{"W":0.86234,"X":0.00518264575,"Y":0.008664269,"Z":0.5062292}},{"number":1,"position":{"X":5636.68164,"Y":8107.06543,"Z":135.675247,"_padding":0},"quarternion":{"W":-0.368106574,"X":-0.0107665909,"Y":0.0249752235,"Z":0.9293857}},{"number":2,"position":{"X":4877.02441,"Y":7040.45947,"Z":43.77827,"_padding":0},"quarternion":{"W":0.7387874,"X":-0.0070624873,"Y":-0.00710215047,"Z":0.6738641}},{"number":3,"position":{"X":4218.34131,"Y":8749.995,"Z":93.29376,"_padding":0},"quarternion":{"W":0.871326149,"X":0.00529308524,"Y":0.008793496,"Z":0.49059698}}],"description":"Spa Francorchamps map mod v2.0 required","lapMode":false,"name":"Spa Francorchamps","numCheckpoints":4,"version":"v2.0"}